Names,Cases
Chieti,102,2020-03-22T17:00:00+01:00,https://github.com/pcm-dpc/COVID-19/blob/master/dati-province/dpc-covid19-ita-province.csv
L'Aquila,38,2020-03-22T17:00:00+01:00,https://github.com/pcm-dpc/COVID-19/blob/master/dati-province/dpc-covid19-ita-province.csv
Pescara,334,2020-03-22T17:00:00+01:00,https://github.com/pcm-dpc/COVID-19/blob/master/dati-province/dpc-covid19-ita-province.csv
Teramo,113,2020-03-22T17:00:00+01:00,https://github.com/pcm-dpc/COVID-19/blob/master/dati-province/dpc-covid19-ita-province.csv
Matera,16,2020-03-22T17:00:00+01:00,https://github.com/pcm-dpc/COVID-19/blob/master/dati-province/dpc-covid19-ita-province.csv
Potenza,65,2020-03-22T17:00:00+01:00,https://github.com/pcm-dpc/COVID-19/blob/master/dati-province/dpc-covid19-ita-province.csv
Bolzano/Bozen,678,2020-03-22T17:00:00+01:00,https://github.com/pcm-dpc/COVID-19/blob/master/dati-province/dpc-covid19-ita-province.csv
Catanzaro,45,2020-03-22T17:00:00+01:00,https://github.com/pcm-dpc/COVID-19/blob/master/dati-province/dpc-covid19-ita-province.csv
Cosenza,63,2020-03-22T17:00:00+01:00,https://github.com/pcm-dpc/COVID-19/blob/master/dati-province/dpc-covid19-ita-province.csv
Crotone,61,2020-03-22T17:00:00+01:00,https://github.com/pcm-dpc/COVID-19/blob/master/dati-province/dpc-covid19-ita-province.csv
Reggio di Calabria,88,2020-03-22T17:00:00+01:00,https://github.com/pcm-dpc/COVID-19/blob/master/dati-province/dpc-covid19-ita-province.csv
Vibo Valentia,14,2020-03-22T17:00:00+01:00,https://github.com/pcm-dpc/COVID-19/blob/master/dati-province/dpc-covid19-ita-province.csv
Avellino,132,2020-03-22T17:00:00+01:00,https://github.com/pcm-dpc/COVID-19/blob/master/dati-province/dpc-covid19-ita-province.csv
Benevento,13,2020-03-22T17:00:00+01:00,https://github.com/pcm-dpc/COVID-19/blob/master/dati-province/dpc-covid19-ita-province.csv
Caserta,116,2020-03-22T17:00:00+01:00,https://github.com/pcm-dpc/COVID-19/blob/master/dati-province/dpc-covid19-ita-province.csv
Napoli,504,2020-03-22T17:00:00+01:00,https://github.com/pcm-dpc/COVID-19/blob/master/dati-province/dpc-covid19-ita-province.csv
Salerno,157,2020-03-22T17:00:00+01:00,https://github.com/pcm-dpc/COVID-19/blob/master/dati-province/dpc-covid19-ita-province.csv
Bologna,674,2020-03-22T17:00:00+01:00,https://github.com/pcm-dpc/COVID-19/blob/master/dati-province/dpc-covid19-ita-province.csv
Ferrara,150,2020-03-22T17:00:00+01:00,https://github.com/pcm-dpc/COVID-19/blob/master/dati-province/dpc-covid19-ita-province.csv
Forlì-Cesena,329,2020-03-22T17:00:00+01:00,https://github.com/pcm-dpc/COVID-19/blob/master/dati-province/dpc-covid19-ita-province.csv
Modena,1010,2020-03-22T17:00:00+01:00,https://github.com/pcm-dpc/COVID-19/blob/master/dati-province/dpc-covid19-ita-province.csv
Parma,1209,2020-03-22T17:00:00+01:00,https://github.com/pcm-dpc/COVID-19/blob/master/dati-province/dpc-covid19-ita-province.csv
Piacenza,1765,2020-03-22T17:00:00+01:00,https://github.com/pcm-dpc/COVID-19/blob/master/dati-province/dpc-covid19-ita-province.csv
Ravenna,309,2020-03-22T17:00:00+01:00,https://github.com/pcm-dpc/COVID-19/blob/master/dati-province/dpc-covid19-ita-province.csv
Reggio nell'Emilia,1167,2020-03-22T17:00:00+01:00,https://github.com/pcm-dpc/COVID-19/blob/master/dati-province/dpc-covid19-ita-province.csv
Rimini,942,2020-03-22T17:00:00+01:00,https://github.com/pcm-dpc/COVID-19/blob/master/dati-province/dpc-covid19-ita-province.csv
Gorizia,44,2020-03-22T17:00:00+01:00,https://github.com/pcm-dpc/COVID-19/blob/master/dati-province/dpc-covid19-ita-province.csv
Pordenone,165,2020-03-22T17:00:00+01:00,https://github.com/pcm-dpc/COVID-19/blob/master/dati-province/dpc-covid19-ita-province.csv
Trieste,297,2020-03-22T17:00:00+01:00,https://github.com/pcm-dpc/COVID-19/blob/master/dati-province/dpc-covid19-ita-province.csv
Udine,361,2020-03-22T17:00:00+01:00,https://github.com/pcm-dpc/COVID-19/blob/master/dati-province/dpc-covid19-ita-province.csv
Frosinone,78,2020-03-22T17:00:00+01:00,https://github.com/pcm-dpc/COVID-19/blob/master/dati-province/dpc-covid19-ita-province.csv
Latina,146,2020-03-22T17:00:00+01:00,https://github.com/pcm-dpc/COVID-19/blob/master/dati-province/dpc-covid19-ita-province.csv
Rieti,24,2020-03-22T17:00:00+01:00,https://github.com/pcm-dpc/COVID-19/blob/master/dati-province/dpc-covid19-ita-province.csv
Roma,1049,2020-03-22T17:00:00+01:00,https://github.com/pcm-dpc/COVID-19/blob/master/dati-province/dpc-covid19-ita-province.csv
Viterbo,82,2020-03-22T17:00:00+01:00,https://github.com/pcm-dpc/COVID-19/blob/master/dati-province/dpc-covid19-ita-province.csv
Genova,677,2020-03-22T17:00:00+01:00,https://github.com/pcm-dpc/COVID-19/blob/master/dati-province/dpc-covid19-ita-province.csv
Imperia,168,2020-03-22T17:00:00+01:00,https://github.com/pcm-dpc/COVID-19/blob/master/dati-province/dpc-covid19-ita-province.csv
La Spezia,99,2020-03-22T17:00:00+01:00,https://github.com/pcm-dpc/COVID-19/blob/master/dati-province/dpc-covid19-ita-province.csv
Savona,175,2020-03-22T17:00:00+01:00,https://github.com/pcm-dpc/COVID-19/blob/master/dati-province/dpc-covid19-ita-province.csv
Bergamo,6216,2020-03-22T17:00:00+01:00,https://github.com/pcm-dpc/COVID-19/blob/master/dati-province/dpc-covid19-ita-province.csv
Brescia,5317,2020-03-22T17:00:00+01:00,https://github.com/pcm-dpc/COVID-19/blob/master/dati-province/dpc-covid19-ita-province.csv
Como,512,2020-03-22T17:00:00+01:00,https://github.com/pcm-dpc/COVID-19/blob/master/dati-province/dpc-covid19-ita-province.csv
Cremona,2895,2020-03-22T17:00:00+01:00,https://github.com/pcm-dpc/COVID-19/blob/master/dati-province/dpc-covid19-ita-province.csv
Lecco,872,2020-03-22T17:00:00+01:00,https://github.com/pcm-dpc/COVID-19/blob/master/dati-province/dpc-covid19-ita-province.csv
Lodi,1772,2020-03-22T17:00:00+01:00,https://github.com/pcm-dpc/COVID-19/blob/master/dati-province/dpc-covid19-ita-province.csv
Mantova,905,2020-03-22T17:00:00+01:00,https://github.com/pcm-dpc/COVID-19/blob/master/dati-province/dpc-covid19-ita-province.csv
Milano,5096,2020-03-22T17:00:00+01:00,https://github.com/pcm-dpc/COVID-19/blob/master/dati-province/dpc-covid19-ita-province.csv
Monza e della Brianza,1108,2020-03-22T17:00:00+01:00,https://github.com/pcm-dpc/COVID-19/blob/master/dati-province/dpc-covid19-ita-province.csv
Pavia,1306,2020-03-22T17:00:00+01:00,https://github.com/pcm-dpc/COVID-19/blob/master/dati-province/dpc-covid19-ita-province.csv
Sondrio,205,2020-03-22T17:00:00+01:00,https://github.com/pcm-dpc/COVID-19/blob/master/dati-province/dpc-covid19-ita-province.csv
Varese,386,2020-03-22T17:00:00+01:00,https://github.com/pcm-dpc/COVID-19/blob/master/dati-province/dpc-covid19-ita-province.csv
Ancona,676,2020-03-22T17:00:00+01:00,https://github.com/pcm-dpc/COVID-19/blob/master/dati-province/dpc-covid19-ita-province.csv
Ascoli Piceno,56,2020-03-22T17:00:00+01:00,https://github.com/pcm-dpc/COVID-19/blob/master/dati-province/dpc-covid19-ita-province.csv
Fermo,113,2020-03-22T17:00:00+01:00,https://github.com/pcm-dpc/COVID-19/blob/master/dati-province/dpc-covid19-ita-province.csv
Macerata,293,2020-03-22T17:00:00+01:00,https://github.com/pcm-dpc/COVID-19/blob/master/dati-province/dpc-covid19-ita-province.csv
Pesaro e Urbino,1249,2020-03-22T17:00:00+01:00,https://github.com/pcm-dpc/COVID-19/blob/master/dati-province/dpc-covid19-ita-province.csv
Campobasso,53,2020-03-22T17:00:00+01:00,https://github.com/pcm-dpc/COVID-19/blob/master/dati-province/dpc-covid19-ita-province.csv
Isernia,4,2020-03-22T17:00:00+01:00,https://github.com/pcm-dpc/COVID-19/blob/master/dati-province/dpc-covid19-ita-province.csv
Alessandria,760,2020-03-22T17:00:00+01:00,https://github.com/pcm-dpc/COVID-19/blob/master/dati-province/dpc-covid19-ita-province.csv
Asti,181,2020-03-22T17:00:00+01:00,https://github.com/pcm-dpc/COVID-19/blob/master/dati-province/dpc-covid19-ita-province.csv
Biella,243,2020-03-22T17:00:00+01:00,https://github.com/pcm-dpc/COVID-19/blob/master/dati-province/dpc-covid19-ita-province.csv
Cuneo,303,2020-03-22T17:00:00+01:00,https://github.com/pcm-dpc/COVID-19/blob/master/dati-province/dpc-covid19-ita-province.csv
Novara,398,2020-03-22T17:00:00+01:00,https://github.com/pcm-dpc/COVID-19/blob/master/dati-province/dpc-covid19-ita-province.csv
Torino,1989,2020-03-22T17:00:00+01:00,https://github.com/pcm-dpc/COVID-19/blob/master/dati-province/dpc-covid19-ita-province.csv
Verbano-Cusio-Ossola,159,2020-03-22T17:00:00+01:00,https://github.com/pcm-dpc/COVID-19/blob/master/dati-province/dpc-covid19-ita-province.csv
Vercelli,242,2020-03-22T17:00:00+01:00,https://github.com/pcm-dpc/COVID-19/blob/master/dati-province/dpc-covid19-ita-province.csv
Bari,231,2020-03-22T17:00:00+01:00,https://github.com/pcm-dpc/COVID-19/blob/master/dati-province/dpc-covid19-ita-province.csv
Barletta-Andria-Trani,49,2020-03-22T17:00:00+01:00,https://github.com/pcm-dpc/COVID-19/blob/master/dati-province/dpc-covid19-ita-province.csv
Brindisi,100,2020-03-22T17:00:00+01:00,https://github.com/pcm-dpc/COVID-19/blob/master/dati-province/dpc-covid19-ita-province.csv
Foggia,212,2020-03-22T17:00:00+01:00,https://github.com/pcm-dpc/COVID-19/blob/master/dati-province/dpc-covid19-ita-province.csv
Lecce,120,2020-03-22T17:00:00+01:00,https://github.com/pcm-dpc/COVID-19/blob/master/dati-province/dpc-covid19-ita-province.csv
Taranto,41,2020-03-22T17:00:00+01:00,https://github.com/pcm-dpc/COVID-19/blob/master/dati-province/dpc-covid19-ita-province.csv
Cagliari,52,2020-03-22T17:00:00+01:00,https://github.com/pcm-dpc/COVID-19/blob/master/dati-province/dpc-covid19-ita-province.csv
Nuoro,22,2020-03-22T17:00:00+01:00,https://github.com/pcm-dpc/COVID-19/blob/master/dati-province/dpc-covid19-ita-province.csv
Oristano,4,2020-03-22T17:00:00+01:00,https://github.com/pcm-dpc/COVID-19/blob/master/dati-province/dpc-covid19-ita-province.csv
Sassari,253,2020-03-22T17:00:00+01:00,https://github.com/pcm-dpc/COVID-19/blob/master/dati-province/dpc-covid19-ita-province.csv
Sud Sardegna,8,2020-03-22T17:00:00+01:00,https://github.com/pcm-dpc/COVID-19/blob/master/dati-province/dpc-covid19-ita-province.csv
Agrigento,41,2020-03-22T17:00:00+01:00,https://github.com/pcm-dpc/COVID-19/blob/master/dati-province/dpc-covid19-ita-province.csv
Caltanissetta,27,2020-03-22T17:00:00+01:00,https://github.com/pcm-dpc/COVID-19/blob/master/dati-province/dpc-covid19-ita-province.csv
Catania,234,2020-03-22T17:00:00+01:00,https://github.com/pcm-dpc/COVID-19/blob/master/dati-province/dpc-covid19-ita-province.csv
Enna,34,2020-03-22T17:00:00+01:00,https://github.com/pcm-dpc/COVID-19/blob/master/dati-province/dpc-covid19-ita-province.csv
Messina,112,2020-03-22T17:00:00+01:00,https://github.com/pcm-dpc/COVID-19/blob/master/dati-province/dpc-covid19-ita-province.csv
Palermo,92,2020-03-22T17:00:00+01:00,https://github.com/pcm-dpc/COVID-19/blob/master/dati-province/dpc-covid19-ita-province.csv
Ragusa,9,2020-03-22T17:00:00+01:00,https://github.com/pcm-dpc/COVID-19/blob/master/dati-province/dpc-covid19-ita-province.csv
Siracusa,49,2020-03-22T17:00:00+01:00,https://github.com/pcm-dpc/COVID-19/blob/master/dati-province/dpc-covid19-ita-province.csv
Trapani,32,2020-03-22T17:00:00+01:00,https://github.com/pcm-dpc/COVID-19/blob/master/dati-province/dpc-covid19-ita-province.csv
Arezzo,154,2020-03-22T17:00:00+01:00,https://github.com/pcm-dpc/COVID-19/blob/master/dati-province/dpc-covid19-ita-province.csv
Firenze,514,2020-03-22T17:00:00+01:00,https://github.com/pcm-dpc/COVID-19/blob/master/dati-province/dpc-covid19-ita-province.csv
Grosseto,120,2020-03-22T17:00:00+01:00,https://github.com/pcm-dpc/COVID-19/blob/master/dati-province/dpc-covid19-ita-province.csv
Livorno,130,2020-03-22T17:00:00+01:00,https://github.com/pcm-dpc/COVID-19/blob/master/dati-province/dpc-covid19-ita-province.csv
Lucca,356,2020-03-22T17:00:00+01:00,https://github.com/pcm-dpc/COVID-19/blob/master/dati-province/dpc-covid19-ita-province.csv
Massa-Carrara,281,2020-03-22T17:00:00+01:00,https://github.com/pcm-dpc/COVID-19/blob/master/dati-province/dpc-covid19-ita-province.csv
Pisa,234,2020-03-22T17:00:00+01:00,https://github.com/pcm-dpc/COVID-19/blob/master/dati-province/dpc-covid19-ita-province.csv
Pistoia,215,2020-03-22T17:00:00+01:00,https://github.com/pcm-dpc/COVID-19/blob/master/dati-province/dpc-covid19-ita-province.csv
Prato,129,2020-03-22T17:00:00+01:00,https://github.com/pcm-dpc/COVID-19/blob/master/dati-province/dpc-covid19-ita-province.csv
Siena,144,2020-03-22T17:00:00+01:00,https://github.com/pcm-dpc/COVID-19/blob/master/dati-province/dpc-covid19-ita-province.csv
Trento,954,2020-03-22T17:00:00+01:00,https://github.com/pcm-dpc/COVID-19/blob/master/dati-province/dpc-covid19-ita-province.csv
Perugia,376,2020-03-22T17:00:00+01:00,https://github.com/pcm-dpc/COVID-19/blob/master/dati-province/dpc-covid19-ita-province.csv
Terni,128,2020-03-22T17:00:00+01:00,https://github.com/pcm-dpc/COVID-19/blob/master/dati-province/dpc-covid19-ita-province.csv
Valle d'Aosta/Vallée d'Aoste,364,2020-03-22T17:00:00+01:00,https://github.com/pcm-dpc/COVID-19/blob/master/dati-province/dpc-covid19-ita-province.csv
Belluno,226,2020-03-22T17:00:00+01:00,https://github.com/pcm-dpc/COVID-19/blob/master/dati-province/dpc-covid19-ita-province.csv
Padova,1277,2020-03-22T17:00:00+01:00,https://github.com/pcm-dpc/COVID-19/blob/master/dati-province/dpc-covid19-ita-province.csv
Rovigo,76,2020-03-22T17:00:00+01:00,https://github.com/pcm-dpc/COVID-19/blob/master/dati-province/dpc-covid19-ita-province.csv
Treviso,935,2020-03-22T17:00:00+01:00,https://github.com/pcm-dpc/COVID-19/blob/master/dati-province/dpc-covid19-ita-province.csv
Venezia,732,2020-03-22T17:00:00+01:00,https://github.com/pcm-dpc/COVID-19/blob/master/dati-province/dpc-covid19-ita-province.csv
Verona,1046,2020-03-22T17:00:00+01:00,https://github.com/pcm-dpc/COVID-19/blob/master/dati-province/dpc-covid19-ita-province.csv
Vicenza,631,2020-03-22T17:00:00+01:00,https://github.com/pcm-dpc/COVID-19/blob/master/dati-province/dpc-covid19-ita-province.csv
